channel_title,username,subscribers,category,admin_contact,channel_link,description
IELTS ZONE 9.0,@ieltszone_uz,43 320 subscribers,IELTS & English,@ieltszone_community,https://t.me/ieltszone_uz,"Founded by Bekzod Mirahmedov, the 1st NINER in Uzbekistan ⚡️Ingliz tili &amp; IELTS 🏆Natijalar: 13x Overall 9.0 📑 33 x CELTA 📞 55-511-0909 ✍🏻 Biz bilan bog’lanish: @ieltszone_community 📍 Manzillarimiz: @DirectionsIELTSZONE"
MOCK IELTS Tashkent,@mocktashkent,2 338 subscribers,IELTS & Mock Tests,@askjamshidbot,https://t.me/mocktashkent,MOCK IELTS Tashkent is a telegram channel run by @askjamshidbot for IELTS students and instructors. You can find all IELTS related news and materials here. My new IELTS project: @ieltsembassy For self-development: @audiogram_uz
Sjjzka,@diyorbeksielts,300 subscribers,IELTS Tutor,@diyorbeksielts (Direct/Bio),https://t.me/diyorbeksielts,You can view and join @diyorbeksielts right away.
IELTSwithSherzod,@ieltswithsherzod,no subscribers,IELTS Tutor,@ieltswithsherzod (Direct/Bio),https://t.me/ieltswithsherzod,Only for me&#33;
Registan LC,@registan_lc,60 710 subscribers,Registan LC,55 055-27-00,https://t.me/registan_lc,📍 60 dan ziyod filiallar 🇬🇧 General English va IELTS kurslari 🚀 IELTS 9.0 darajali o&#39;qituvchilar ☎️ 55 055-27-00 👇 Dastlabki BEPUL dars uchun bosing: https://registan-edu.uz/admission
EVEREST LC,@everest_lc,165 subscribers,Everest Education,@EVEREST_MANAGER,https://t.me/everest_lc,"&quot;Everest LC&quot; Sifatli ta&#39;lim markazi • since 2015 ☎️ Aloqa: +998-94-158-07-11 @EVEREST_MANAGER 📍Andijon v., Buloqboshi t. markazi. Yoshlar bog&#39;i ro&#39;parasi, 2-etaj (24/7 do&#39;konni o&#39;ng tarafidagi zinadan chiqiladi)."
IELTS Uz| Official,@ieltsuz,3 709 subscribers,IELTS Community UZ,@IELTSuzbekistan_bot,https://t.me/ieltsuz,IELTS - muvaffaqiyatli kelajagingiz garovi&#33; O‘zbekiston Respublikasida xorijiy tillarni o‘rganishni ommalashtirish faoliyatini sifat jihatidan yangi bosqichga olib chiqish. &quot;IELTS OFFICIAL&quot; Certificate: 765017 Hamkorlik va reklama: @IEL...
.,@ingliztili_darslar,4 subscribers,English Lessons UZ,@ingliztili_darslar (Direct/Bio),https://t.me/ingliztili_darslar,You can view and join @ingliztili_darslar right away.
School English Teachers,@uzteachers,55 106 subscribers,English Teachers UZ,@hasanboyrasul,https://t.me/uzteachers,Ingliz tili o&#39;qituvchilari va o&#39;rganuvchilar uchun maxsus kanal &quot;HR Edu-Servis&quot; MCHJ GUVOHNOMA: №865873 Fayllar bo&#39;yicha: @hasanboyrasul Reklama xizmati: @hasanboyrasul
Talabalar kanali,@talabalar_kanali,4 382 subscribers,University Students,@gentleman_uzswlu,https://t.me/talabalar_kanali,🎓Biz bilan talabalikning haqiqiy onlarini his qiling&#33; • instagram.com/Talabalar_kanali • Admin: @gentleman_uzswlu • Reklama: @rek_info • Kitob izlash : @KitobQidiruvchi_bot • Qiziqarli material boʼlsa jo&#39;nating: @Talababot
Ta&#39;lim.uz | Rasmiy kanal,@talimuz,230 858 subscribers,Higher Education News,@Talimuz_murojaatbot,https://t.me/talimuz,🎓 @TalimUz – Yangi loyiha&#33; Yangi brend&#33; O&#39;zbekiston va jahon ta&#39;lim sferasida bo&#39;layotgan eng dolzarb rasmiy yangiliklarni o&#39;tkazib yubormaslik uchun bizni kuzatishda davom eting&#33; Hamkorlik (reklama): @Talimuz_murojaatbot
Ixtisoslashtirilgan ta&#39;lim muassasalari agentligi,@piimauz,63 848 subscribers,Specialized Schools & Agencies,@PIIMArasmiysahifasi,https://t.me/piimauz,"Ixtisoslashtirilgan taʼlim muassasalari agentligi gov.uz/oz/ima t.me/piimauz www.facebook.com/piima.uz www.instagram.com/piima.uz/ www.youtube.com/@PIIMArasmiysahifasi Murojaat: 📍Tosh sh, Yashnobod t, Maxtumquli 114А 📬 info@piima.uz ☎️ +998(71)207-40..."
Abituriyent | Axborot portali 👨‍🎓,@abituriyent,54 622 subscribers,Applicants & Entrants (54k),@abituriyent_aloqabot,https://t.me/abituriyent,📬 Reklama: https://t.me/+SwAo-YikrkZzu9el @Abituriyent | Axborot portalining rasmiy telegram sahifasiga xush kelibsiz&#33; - Biz orqali eng muhim va dolzarb ma&#39;lumotlar bilan tanishib boring. 📩 Aloqa: @abituriyent_aloqabot
Abiturient Onlayn,@abituriyentlar_uz,184 subscribers,Abituriyent Live,@abituriyentlar_uz (Direct/Bio),https://t.me/abituriyentlar_uz,Taʼlimga oid eng so‘nggi yangiliklarni bilib borish uchun bizni kuzatib boring&#33; Yangiliklarni norasmiy sahifamizda sodda tilda o‘qib borishingiz mumkin. Reklama va hamkorlik:
Webster Learning Center,@webster_uz,85 subscribers,Webster University,951556565,https://t.me/webster_uz,"Gibrid ta’lim tizimi mavjud boʻlgan ingliz tili o’quv markazi&#33; 🎗 General English &amp; IELTS 🚩 Yangibazar branch 🚩Feruza branch 🚀 Biz nafaqat ingliz tili o‘rgatamiz, balki insonlar hayotini o‘zgartiramiz&#33; 📞 951556565"
Grantlar.uz,@grantlar,79 206 subscribers,Grants & Scholarships,@grantlarsupportbot,https://t.me/grantlar,Grantlar.uz – butun dunyoda va barcha sohalarda ta&#39;lim olish imkoniyatlari haqida ishonchli xabarlar. 👉 Shikoyat va takliflar: @grantlarsupportbot 👉 Reklama va hamkorlik: @hamidziyo 👉 Hamkor kanal: @grantlar_namuna Facebook: fb.com/grantlar.uz
